K,Zr,Y,Eu,Cu,Mg,Ag,W,Pr,C,Ho,Ar,Th,Te,Lu,N,Ni,Kr,V,Pu,Os,D,Hf,Ir,As,La,In,Np,Pm,Co,H,B,Pd,Ru,Mo,Fe,Sr,Tm,P,Au,Hg,Ge,Ac,Ta,F,Rh,Am,Al,Cl,Nd,I,Sm,Zn,Xe,S,Pa,Ga,Nb,Be,Es,Sc,Br,Ba,Yb,Cd,Ca,Si,Ti,Gd,Cm,Pt,Cs,Rb,Bi,Mn,Se,Dy,Tc,Tb,O,Li,Er,Re,U,Sb,Sn,Cr,Tl,Ce,Pb,Cf,
1.38,0.72,0.9,0.947,0.73,0.72,1.15,0.6,0.99,0.16,0.901,-1,0.94,2.21,0.861,1.46,0.69,-1,0.54,1.0,0.63,-1,0.71,0.68,0.46,1.032,0.8,1.01,0.97,0.6975,-1,0.27,0.86,0.62,0.59,0.6950000000000001,1.18,0.88,0.38,1.37,1.02,0.53,1.12,0.64,1.33,0.665,0.975,0.535,1.81,0.983,2.2,0.958,0.74,0.48,1.84,1.04,0.62,0.64,0.45,-1,0.745,1.96,1.35,0.868,0.95,1.0,0.4,0.605,0.938,0.97,0.625,1.67,1.52,1.03,0.75,1.98,0.912,0.6016666666666667,0.923,1.4,0.76,0.89,0.63,1.025,0.6,0.69,0.615,1.5,1.01,1.19,0.95,